URL,Reddit Date,Upvotes,Upvote Ratio
https://i.redd.it/vpql7m5jgot51.jpg,2020-10-17,6,0.72
https://www.mbliberalcaucus.ca/news_details.php?id=150&fbclid=IwAR0WlCrt8OeJqE9N9Xoo187RdVseuYXGAHmDaGzzaEBGzMZOoXTLQwc8vFo,2020-10-17,5,0.78
https://nationalpost.com/opinion/chris-selley-nobody-should-tolerate-the-liberals-hideous-tricks-to-hide-we-documents,2020-10-17,11,0.6
https://www.news18.com/news/world/wont-be-cowed-on-human-rights-trudeau-hits-back-at-china-after-threat-to-canadians-in-hong-kong-2974286.html,2020-10-17,66,0.89
https://www.ctvnews.ca/business/walmart-canada-ends-price-matching-program-sparking-consumer-outrage-1.5149404?cid=sm%3Atrueanthem%3Actvnews%3Apost&utm_campaign=trueAnthem%3A+New+Content+%28Feed%29&utm_medium=trueAnthem&utm_source=facebook,2020-10-17,44,0.9
https://nbmediacoop.org/2020/10/17/trapped-in-conflict-how-the-corporate-megafishery-clearwater-headed-by-nova-scotias-richest-billionaire-has-set-the-stage-for-violent-conflict-in-mikmaki/,2020-10-17,12,0.67
https://globalnews.ca/news/7402001/canada-cannabis-industry-turns-two/,2020-10-17,16,0.81
https://www.macleans.ca/opinion/a-call-to-end-racism-in-canadas-health-care-systems/?utm_medium=organic&utm_source=Facebook#Echobox=1602886883,2020-10-17,0,0.31
https://www.theglobeandmail.com/canada/british-columbia/article-bcs-economy-turned-upside-down-with-recovery-success-outside-its/,2020-10-17,9,0.75
https://www.cbc.ca/news/entertainment/enslaved-canadian-slavery-samuel-jackson-1.5766340,2020-10-17,6,0.55
https://www.cp24.com/news/ontario-reports-more-than-800-new-cases-of-covid-19-with-nearly-half-in-toronto-1.5149380,2020-10-17,12,0.67
https://calgaryherald.com/news/local-news/unbelievably-inappropriate-calgary-police-prohibit-distribution-of-offensive-coin,2020-10-17,114,0.81
https://www.cbc.ca/news/canada/north/tmac-resources-shandong-national-security-review-1.5763810,2020-10-17,1328,0.97
https://www.canadaland.com/we-charity-in-kenya/?utm_source=rss&utm_medium=rss&utm_campaign=we-charity-in-kenya,2020-10-17,85,0.85
https://www.cbc.ca/news/canada/montreal/covid-19-hospitalizations-regions-1.5762757,2020-10-17,0,0.5
https://www.bnnbloomberg.ca/trudeau-is-preparing-to-test-limits-of-debt-financed-spending-1.1509457,2020-10-17,63,0.79
https://www.cbc.ca/news/politics/trudeau-pandemic-we-charity-1.5766152,2020-10-17,7,0.6
https://ottawa.ctvnews.ca/mobile/75-year-old-pembroke-ont-man-kicked-out-of-staples-for-not-wearing-a-mask-despite-a-doctor-s-note-1.5148670?cid=sm%3Atrueanthem%3Actvottawa%3Apost&utm_campaign=trueAnthem%3A+Trending+Content&utm_medium=trueAnthem&utm_source=facebook,2020-10-17,0,0.27
https://globalnews.ca/news/7393611/canadian-personal-finances-coronavirus/,2020-10-17,82,0.89
https://www.reuters.com/article/us-armenia-azerbaijan-canada-turkey-idUSKBN27209O?utm_campaign=trueAnthem%3A+Trending+Content&utm_medium=trueAnthem&utm_source=facebook,2020-10-17,0,0.47
https://globalnews.ca/news/7384602/quebec-doctor-shortage-montreal/,2020-10-17,17,0.8
https://globalnews.ca/news/7403188/canada-coronavirus-ei-system/,2020-10-17,130,0.97
https://globalnews.ca/news/7403167/mikmaq-lobster-plant-fire/?utm_medium=Twitter&utm_source=%40globalhalifax,2020-10-17,623,0.95
https://www.ctvnews.ca/health/i-never-saw-stars-before-gene-therapy-brings-back-8-year-old-canadian-boy-s-sight-1.5145830,2020-10-17,66,0.85
https://globalnews.ca/news/7401376/jobs-debt-housing-k-shaped-recovery-canada/,2020-10-17,63,0.93
https://globalnews.ca/news/7402849/families-react-penticton-shooter-sentencing/,2020-10-17,8,0.73
https://in.reuters.com/article/us-armenia-azerbaijan-canada-turkey/erdogan-tells-trudeau-suspension-of-drone-exports-is-against-alliance-spirit-idUSKBN27209O,2020-10-17,18,0.77
https://www.cbc.ca/news/canada/ottawa/ottawa-carleton-exams-proctors-covid-19-1.5764619,2020-10-17,4,0.61
https://ici.radio-canada.ca/nouvelle/1741279/flq-liberation-orsainville-prisonnier-octobre-lepine-serge,2020-10-17,0,0.21
https://www.theguardian.com/world/2020/oct/17/justin-trudeau-hits-back-at-china-after-threat-to-canadians-in-hong-kong,2020-10-17,99,0.86
https://atlantic.ctvnews.ca/policing-must-be-adequate-to-keep-everyone-safe-in-indigenous-lobster-dispute-pm-1.5148495,2020-10-17,0,0.5
https://www.vancouverisawesome.com/vancouver-news/bc-vancouver-anti-mask-rally-this-weekend-5g-anon-conspiracy-2798611,2020-10-16,19,0.7
https://www.michaelgeist.ca/2020/10/how-can-linking-to-an-article-be-immoral-when-the-media-source-itself-does-the-posting/,2020-10-16,11,0.65
https://m.huffingtonpost.ca/entry/budget-deficit-canada_ca_5f89a94fc5b62dbe71c23326?ri18n=1&utm_source=spotim&utm_medium=spotim_recirculation,2020-10-16,92,0.82
https://www.cbc.ca/news/canada/british-columbia/bc-covid-19-update-friday-1.5765983,2020-10-16,8,0.67
https://i.redd.it/43niacds1kt51.jpg,2020-10-16,713,0.85
https://www.theglobeandmail.com/opinion/article-its-time-to-kick-the-confucius-institute-out-of-canada/,2020-10-16,801,0.94
https://www.thestar.com/politics/federal/2020/10/16/liberals-want-conservative-candidate-in-york-centre-fired-over-tweet-about-transracial-kamala-harris.html,2020-10-16,0,0.28
https://www.hilltimes.com/2020/10/16/ndp-open-to-tory-special-committee-on-we-scandal-says-mp-julian-as-liberals-slam-the-proposal/268176,2020-10-16,62,0.82
https://www.cbc.ca/news/canada/new-brunswick/matthew-raymond-murder-shooting-fredericton-trial-1.5763039,2020-10-16,0,0.47
https://www.thestar.com/politics/federal/2020/10/16/erin-otoole-wants-chinas-ambassador-to-canada-to-publicly-apologize-to-canadians-or-be-kicked-out.html,2020-10-16,6973,0.95
https://www.cbc.ca/news/canada/british-columbia/trans-mountain-pipeline-kamloops-thompson-river-secwepemc-1.5765885,2020-10-16,123,0.9
https://www.thestar.com/news/canada/2020/10/15/this-truly-is-systemic-racism-sipeknekatik-chief-is-calling-out-justin-trudeau-over-ns-fisheries-violence.html,2020-10-16,0,0.45
https://www.reuters.com/article/us-china-canada-diplomacy/canada-will-continue-to-stand-up-against-chinese-human-rights-abuses-pm-trudeau-says-idUSKBN2712OF?il=0,2020-10-16,345,0.92
https://www.cbc.ca/news/canada/nova-scotia/joel-comeau-mike-sack-sipekne-katik-mi-kmaw-lobster-fishery-escalating-threats-1.5765042,2020-10-16,15,0.73
https://www.cbc.ca/news/politics/rcmp-pension-women-supreme-court-1.5765134,2020-10-16,5,0.56
https://www.nationalnewswatch.com/2020/10/16/liberals-propose-special-committee-to-examine-pandemic-related-spending/,2020-10-16,27,0.79
https://stratcann.com/2020/10/16/us-authorities-seize-a-tonne-of-cannabis-at-canadian-border/,2020-10-16,42,0.89
https://www.bnnbloomberg.ca/too-much-cultivation-pot-legalization-anniversary-comes-amid-supply-glut-concerns-1.1509195,2020-10-16,15,0.73
https://www.ctvnews.ca/business/new-loblaw-health-app-links-loyalty-points-to-wellness-achievements-1.5148248,2020-10-16,6,0.64
https://www.cbc.ca/news/canada/british-columbia/bc-debate-racism-white-privilege-1.5762881,2020-10-16,0,0.3
https://www.680news.com/2020/10/16/york-region-covid-19-stage-2-toronto-peel-ottawa-doug-ford/,2020-10-16,24,0.75
https://i.redd.it/62suxobhzgt51.jpg,2020-10-16,306,0.95
https://globalnews.ca/video/7400624/no-bc-for-xi-campaign-tracking-candidates,2020-10-16,331,0.95
https://www.nationalobserver.com/2020/10/15/news/americas-qanon-problem-infecting-canada-what-should-we-do-about-it,2020-10-16,4,0.52
https://oilprice.com/Latest-Energy-News/World-News/Canada-Government-Invests-In-Mini-Nuclear-Reactors.html,2020-10-16,39,0.86
https://www.lrt.lt/en/news-in-english/19/1254889/canadian-fm-in-vilnius-pledges-support-to-belarus-opposition,2020-10-16,8,0.72
https://www.thebeaverton.com/2020/10/somebody-should-call-the-police-say-ns-rcmp-officers-watching-van-being-torched/,2020-10-16,96,0.78
https://www.cbc.ca/news/canada/north/covid-19-cases-yellownife-1.5765133?fbclid=IwAR0ip3RPkNHjfIRXwcxUE8piPsbuKFswM-RTW991JoNqh8U07FwOmXVYTOE,2020-10-16,12,0.75
https://i.redd.it/d6njr8e2aht51.jpg,2020-10-16,503,0.97
https://toronto.citynews.ca/2020/10/15/mystery-leo-campbell-death-basilian-fathers/,2020-10-16,2,0.57
https://torontosun.com/news/provincial/online-petition-calls-for-blockbuster-museum-in-ontario,2020-10-16,0,0.43
https://www.cbc.ca/news/canada/windsor/electiccars-fca-unifor-dias-windsor-automakers-1.5763004,2020-10-16,82,0.88
https://www.cbc.ca/radio/asithappens/as-it-happens-wednesday-edition-1.5762110/canadian-youtubers-engineer-hyper-realistic-plasma-lightsaber-that-can-cut-through-steel-1.5762115,2020-10-16,150,0.87
https://www.theglobeandmail.com/world/article-chinese-ambassadors-perceived-threat-raises-concerns-for-canadians-in/,2020-10-16,40,0.82
https://www.cbc.ca/news/canada/toronto/ontario-covid19-update-october-16-1.5764897,2020-10-16,5,0.58
https://www.bnnbloomberg.ca/trudeau-targets-higher-immigration-despite-pandemic-travel-curbs-1.1509181,2020-10-16,50,0.71
https://www.cbc.ca/news/canada/new-brunswick/ccla-threatens-lawsuit-over-abortion-1.5763355,2020-10-16,47,0.87
https://www.bloomberg.com/news/articles/2020-10-16/craft-brewer-waterloo-stock-soars-on-hard-seltzers-and-canned-vodka,2020-10-16,14,0.79
https://www.cbc.ca/music/an-inspiration-for-all-of-us-what-it-was-like-working-with-gord-downie-on-his-final-solo-recording-1.5762117,2020-10-16,17,0.68
https://the-pigeon.ca/2020/10/16/pallative-psychedelics/,2020-10-16,48,0.84
https://toronto.citynews.ca/2020/10/16/we-charity-liberal-filibuster/,2020-10-16,107,0.81
https://www.bankofcanada.ca/2020/10/bank-canada-announces-changes-programs-support-key-financial-markets/,2020-10-16,33,0.92
https://www.ctvnews.ca/sci-tech/a-look-at-genetic-genealogy-the-science-that-helped-identify-christine-jessop-s-killer-1.5147193,2020-10-16,18,0.88
https://nationalpost.com/news/canada/one-in-seven-canadians-is-experiencing-food-insecurity-during-covid-19-and-its-toll-is-heavier-than-hunger-report,2020-10-16,45,0.79
https://globalnews.ca/news/7398288/we-charity-opposition-mps-liberal-filibuster/,2020-10-16,243,0.8
https://financialpost.com/real-estate/tiny-condos-now-the-biggest-losers-in-toronto-real-estate-market-shakeup,2020-10-16,97,0.91
https://www.thestar.com/politics/federal/2020/10/15/chinas-envoy-in-ottawa-denies-mistreatment-of-two-canadian-detainees-and-sends-a-warning-to-canada.html,2020-10-16,107,0.89
https://www.voanews.com/east-asia-pacific/canada-rejects-chinese-warning-against-granting-asylum-hong-kong-protesters,2020-10-16,11712,0.97
https://www.cbc.ca/news/health/gyms-superspreading-events-covid-19-1.5763297,2020-10-16,61,0.73
https://montrealgazette.com/news/pq-leader-attacks-funding-of-anglo-schools-defends-his-mcgill-studies,2020-10-16,9,0.67
https://nationalpost.com/opinion/john-ivison-no-amount-of-smooth-diplomatic-phrases-can-mask-chinas-bullying,2020-10-16,165,0.87
https://www.cbc.ca/news/politics/westjet-atlantic-canada-liberals-analysis-1.5763078,2020-10-16,13,0.75
https://www.cbc.ca/news/canada/appliance-repair-industry-online-listings-1.5762489,2020-10-16,27,0.83
https://www.cbc.ca/news/canada/montreal/quebec-covid-19-lockdown-freedom-balance-1.5764317,2020-10-16,7,0.65
https://globalnews.ca/news/7399874/westjet-cuts-services/,2020-10-16,11,0.77
https://www.cbc.ca/news/politics/canada-recovery-benefit-crb-cerb-pandemic-covid-1.5764377,2020-10-16,21,0.76
https://www.theglobeandmail.com/world/us-politics/article-hydro-quebecs-high-stakes-campaign-to-bring-energy-to-maine-raises/,2020-10-16,46,0.86
https://www.bbc.com/news/world-us-canada-54472604,2020-10-16,25,0.79
https://www.thestar.com/politics/federal/2020/10/15/conservative-mp-says-the-bank-of-canada-is-becoming-too-political-experts-call-that-really-hard-to-believe.html,2020-10-15,40,0.69
https://www.reddit.com/r/canada/comments/jc2yam/bienvenue_au_vendredi_français_pratiquez_votre/,2020-10-15,16,0.63
https://edmontonjournal.com/opinion/columnists/shandro-the-numbers-show-doctors-want-to-live-and-work-in-alberta?utm_medium=Social&utm_source=Twitter#Echobox=1602769165,2020-10-15,0,0.46
https://nationalpost.com/news/politics/liberal-battle-to-prevent-disclosure-of-more-we-documents-relies-on-pots-of-coffee-and-irrelevant-speeches,2020-10-15,91,0.79
https://nationalpost.com/news/politics/drug-companies-warn-they-will-abandon-canadian-market-if-prices-reduced,2020-10-15,212,0.84
https://www.ctvnews.ca/mobile/health/i-never-saw-stars-before-gene-therapy-brings-back-8-year-old-canadian-boy-s-sight-1.5145830,2020-10-15,761,0.97
https://www.cbc.ca/news/business/costco-executives-quarantine-exemption-error-1.5763787,2020-10-15,221,0.92
https://london.ctvnews.ca/mobile/proposed-1-500-acre-site-mapped-out-for-canadian-nuclear-waste-storage-in-south-bruce-ont-1.5146504,2020-10-15,39,0.84
https://ipolitics.ca/2020/10/15/libs-filibuster-two-house-committees-despite-oppositions-efforts-to-reopen-we-charity-probe/,2020-10-15,179,0.84
https://www.cbc.ca/news/politics/china-canada-ambassador-hong-kong-spavor-kovrig-meng-huawei-1.5763677,2020-10-15,1633,0.97
https://www.google.ca/amp/s/www.washingtonpost.com/opinions/2020/10/15/canada-vaccine-nationalism/%3foutputType=amp,2020-10-15,0,0.28
